Aether Ridge (WARF),20250408210460
Ancient Urban (WAUA),20250408210461
Badlands (WBLA),20250408210462
Cold Storage (WARD),20250408210463
Coral Caves (WRFA),20250408210464
Daemon (WRSA),20250408210465
Desolate Tract (WTDB),20250408210466
Fetid Glen (WARC),20250408210467
Heat Ducts (WARE),20250408210468
Outer Rim (WORA),20250408210469
Rusted Wrecks (WRRA),20250408210470
Salination (WARB),20250408210471
Shattered Terrace (WARA),20250408210472
Shrouded Coast (WSKD),20250408210473
Signal Spires (WPTA),20250408210474
Stormy Coast (WSKC),20250408210475
Sunlit Port (WSKB),20250408210476
The Surface (WARG),20250408210477
Torrential Railways (WSKA),20250408210478
Torrid Desert (WTDA),20250408210479
Turbulent Pump (WRFB),20250408210480
Unfortunate Evolution (WSSR),20250408210481
Verdant Waterways (WVWA),20250408210482
